{
  "cli": {
    "version": ">= 3.0.0",
    "appVersionSource": "remote"
  },
  "build": {
    "development": {
      "developmentClient": true,
      "distribution": "internal",
      "android": {
        "gradleCommand": ":app:assembleDebug",
        "buildType": "apk"
      }
    },
    "preview": {
      "distribution": "internal",
      "android": {
        "buildType": "app-bundle",
        "gradleCommand": ":app:bundleRelease",
        "env": {
          "EXPO_USE_DEV_CLIENT": "true"
        }
      }
    },
    "production": {
      "android": {
        "buildType": "app-bundle",
        "gradleCommand": ":app:bundleRelease"
      }
    }
  },
  "submit": {
    "production": {}
  }
}
